100000;Fernanda Araujo;9.0;5
100001;Ana Ribeiro;9.3;7
100002;Julia Melo;8.0;12
100003;Fernanda Pereira;6.9;17
100004;Joao Ferreira;2.6;0
100005;Beatriz Ferreira;5.9;26
100006;Larissa Carvalho;5.4;24
100007;Maria Almeida;2.0;20
100008;Daniel Barbosa;2.4;30
100009;Daniel Costa;3.4;29
100010;Mariana Dias;3.8;4
100011;Daniel Martins;0.5;14
100012;Aline Lima;8.6;13
100013;Aline Oliveira;0.4;10
100014;Ana Silva;7.3;13
100015;Maria Oliveira;1.5;27
100016;Fernanda Oliveira;4.5;0
100017;Maria Carvalho;6.3;24
100018;Maria Pereira;3.4;15
100019;Joao Ferreira;9.2;25
100020;Felipe Souza;9.3;27
100021;Bruno Barbosa;7.8;24
100022;Thiago Dias;8.5;27
100023;Bruno Dias;9.1;16
100024;Thiago Rodrigues;3.9;24
100025;Pedro Silva;4.2;4
100026;Camila Souza;3.5;17
100027;Gustavo Gomes;3.2;22
100028;Ana Teixeira;8.3;30
100029;Lucas Costa;3.6;30
100030;Beatriz Carvalho;2.9;5
100031;Aline Araujo;2.6;5
100032;Beatriz Rocha;8.0;16
100033;Joao Oliveira;6.2;17
100034;Felipe Barbosa;2.9;14
100035;Rafael Lima;9.9;5
100036;Camila Oliveira;7.8;18
100037;Maria Teixeira;3.2;13
100038;Ana Ferreira;4.3;16
100039;Fernanda Costa;3.1;26
100040;Gustavo Santos;1.6;30
100041;Thiago Barbosa;6.9;30
100042;Julia Costa;3.5;13
100043;Patricia Teixeira;5.5;4
100044;Mariana Oliveira;5.9;22
100045;Patricia Carvalho;1.1;15
100046;Larissa Almeida;3.9;19
100047;Mariana Souza;8.2;11
100048;Larissa Ferreira;6.4;8
100049;Maria Silva;4.3;24
100050;Rafael Barbosa;3.1;24
100051;Camila Dias;4.5;7
100052;Aline Costa;8.5;19
100053;Mariana Ribeiro;9.0;5
100054;Maria Carvalho;4.9;11
100055;Beatriz Souza;2.9;6
100056;Rafael Melo;9.8;16
100057;Julia Costa;0.9;20
100058;Mariana Rocha;2.8;5
100059;Gabriel Pereira;9.3;18
100060;Daniel Santos;7.8;12
100061;Julia Santos;7.1;27
100062;Bruno Rodrigues;2.0;11
100063;Bruno Souza;3.9;11
100064;Larissa Oliveira;3.6;18
100065;Daniel Teixeira;9.8;17
100066;Pedro Santos;9.7;26
100067;Julia Araujo;8.2;23
100068;Fernanda Dias;4.7;7
100069;Julia Dias;9.5;8
100070;Julia Oliveira;0.0;24
100071;Maria Araujo;1.5;19
100072;Rafael Teixeira;6.8;7
100073;Patricia Pereira;7.0;0
100074;Pedro Lima;2.3;2
100075;Lucas Rocha;5.8;25
100076;Mariana Rodrigues;6.2;19
100077;Camila Santos;1.0;18
100078;Pedro Souza;3.2;24
100079;Aline Santos;4.7;14
100080;Joao Pereira;4.5;12
100081;Joao Ribeiro;7.9;12
100082;Pedro Rodrigues;0.4;1
100083;Felipe Dias;0.5;12
100084;Bruno Santos;1.1;19
100085;Ana Gomes;0.3;8
100086;Fernanda Souza;0.7;26
100087;Joao Dias;1.1;30
100088;Thiago Barbosa;0.4;27
100089;Beatriz Santos;7.7;2
100090;Mariana Santos;4.4;4
100091;Ana Silva;9.6;8
100092;Joao Teixeira;2.7;21
100093;Maria Rocha;3.6;15
100094;Gabriel Santos;6.0;30
100095;Bruno Teixeira;4.1;9
100096;Gabriel Souza;3.1;27
100097;Gustavo Santos;0.1;10
100098;Rafael Silva;9.6;28
100099;Maria Teixeira;1.5;23
100100;Ana Barbosa;8.2;3
100101;Felipe Ferreira;9.1;28
100102;Rafael Gomes;5.7;6
100103;Camila Barbosa;5.6;22
100104;Fernanda Oliveira;8.0;1
100105;Thiago Souza;4.5;26
100106;Aline Teixeira;2.8;1
100107;Aline Rodrigues;4.1;12
100108;Joao Rocha;8.7;22
100109;Ana Pereira;6.7;28
100110;Pedro Ferreira;4.8;8
100111;Felipe Rocha;7.7;19
100112;Larissa Lima;1.1;29
100113;Ana Souza;0.1;1
100114;Gabriel Teixeira;2.0;21
100115;Ana Dias;0.2;29
100116;Ana Santos;1.6;22
100117;Daniel Rocha;6.2;14
100118;Larissa Dias;9.0;10
100119;Camila Santos;2.6;2
100120;Pedro Martins;5.7;20
100121;Gabriel Rodrigues;2.9;29
100122;Gustavo Rocha;3.9;5
100123;Ana Melo;8.1;9
100124;Beatriz Gomes;1.5;13
100125;Felipe Silva;7.2;19
100126;Felipe Martins;4.6;7
100127;Pedro Carvalho;4.5;5
100128;Mariana Oliveira;5.3;15
100129;Julia Almeida;6.0;20
100130;Aline Lima;9.0;2
100131;Rafael Ferreira;3.8;15
100132;Maria Martins;9.6;1
100133;Joao Rocha;4.4;4
100134;Daniel Teixeira;0.5;22
100135;Joao Silva;7.5;4
100136;Beatriz Lima;5.0;30
100137;Larissa Pereira;0.0;0
100138;Daniel Rodrigues;5.5;13
100139;Ana Martins;1.9;5
100140;Julia Melo;1.9;18
100141;Thiago Almeida;1.7;26
100142;Mariana Almeida;5.8;10
100143;Gabriel Dias;6.5;25
100144;Larissa Araujo;7.1;7
100145;Daniel Almeida;0.4;23
100146;Camila Melo;1.1;15
100147;Julia Silva;10.0;8
100148;Thiago Dias;4.6;1
100149;Aline Oliveira;4.2;30
100150;Joao Carvalho;3.1;1
100151;Thiago Carvalho;6.9;1
100152;Gustavo Araujo;9.6;11
100153;Daniel Melo;2.2;26
100154;Daniel Ferreira;0.0;23
100155;Julia Carvalho;5.6;20
100156;Rafael Costa;6.1;13
100157;Rafael Martins;9.9;10
100158;Gabriel Araujo;1.9;9
100159;Maria Melo;0.0;29
100160;Julia Souza;6.6;18
100161;Maria Martins;3.5;24
100162;Mariana Martins;1.0;12
100163;Ana Carvalho;7.1;11
100164;Maria Martins;6.5;13
100165;Joao Lima;6.2;7
100166;Thiago Martins;0.5;6
100167;Fernanda Teixeira;7.7;29
100168;Rafael Souza;5.0;6
100169;Joao Melo;6.0;24
100170;Daniel Rocha;7.9;25
100171;Bruno Ribeiro;1.8;20
100172;Joao Rocha;1.9;13
100173;Gabriel Ribeiro;9.0;0
100174;Larissa Ferreira;8.6;13
100175;Camila Oliveira;0.1;22
100176;Gustavo Santos;9.8;2
100177;Ana Gomes;3.6;3
100178;Joao Dias;5.0;6
100179;Larissa Barbosa;7.3;4
100180;Rafael Almeida;2.1;29
100181;Thiago Pereira;6.0;26
100182;Pedro Rodrigues;7.6;17
100183;Ana Santos;2.4;24
100184;Gustavo Souza;9.9;10
100185;Camila Oliveira;5.3;15
100186;Larissa Souza;3.9;15
100187;Maria Carvalho;5.6;20
100188;Mariana Araujo;9.9;5
100189;Daniel Souza;9.9;15
100190;Camila Oliveira;9.1;20
100191;Fernanda Barbosa;0.0;27
100192;Felipe Araujo;3.8;12
100193;Gustavo Almeida;5.6;10
100194;Aline Araujo;4.9;20
100195;Daniel Oliveira;8.1;15
100196;Daniel Souza;8.8;12
100197;Pedro Souza;8.8;23
100198;Maria Rodrigues;7.7;14
100199;Lucas Dias;7.4;20
100200;Maria Gomes;8.9;11
100201;Gabriel Santos;8.4;9
100202;Ana Martins;3.1;6
100203;Camila Pereira;5.7;14
100204;Julia Ferreira;7.4;20
100205;Daniel Ribeiro;7.0;16
100206;Gustavo Martins;3.1;10
100207;Felipe Souza;1.4;30
100208;Patricia Rocha;5.9;12
100209;Lucas Ferreira;1.9;23
100210;Julia Ribeiro;2.7;16
100211;Fernanda Carvalho;1.7;23
100212;Daniel Pereira;1.8;24
100213;Ana Souza;7.7;14
100214;Gustavo Almeida;5.4;20
100215;Gustavo Gomes;6.8;1
100216;Bruno Pereira;2.2;23
100217;Thiago Santos;2.3;26
100218;Lucas Melo;3.9;10
100219;Gabriel Santos;7.7;4
100220;Larissa Ribeiro;4.2;9
100221;Aline Pereira;8.7;27
100222;Maria Oliveira;6.0;27
100223;Daniel Gomes;9.2;23
100224;Aline Lima;0.2;13
100225;Larissa Ferreira;0.3;23
100226;Maria Pereira;5.7;4
100227;Mariana Ferreira;1.6;20
100228;Camila Almeida;2.2;9
100229;Maria Almeida;1.6;4
100230;Larissa Pereira;7.2;19
100231;Camila Almeida;9.5;22
100232;Maria Martins;4.4;3
100233;Ana Pereira;6.9;1
100234;Bruno Carvalho;2.5;17
100235;Fernanda Araujo;2.0;19
100236;Daniel Teixeira;2.9;15
100237;Julia Martins;6.7;16
100238;Maria Dias;9.8;3
100239;Mariana Ferreira;2.0;21
100240;Beatriz Dias;0.7;1
100241;Patricia Souza;5.1;7
100242;Thiago Santos;7.8;13
100243;Ana Ribeiro;3.8;22
100244;Ana Souza;6.7;18
100245;Maria Ferreira;4.2;13
100246;Patricia Teixeira;0.3;8
100247;Beatriz Ribeiro;3.5;2
100248;Larissa Gomes;1.8;28
100249;Felipe Oliveira;6.3;27
100250;Rafael Silva;8.0;3
100251;Gustavo Costa;4.3;14
100252;Larissa Lima;9.9;18
100253;Fernanda Martins;6.4;29
100254;Rafael Martins;0.9;2
100255;Joao Lima;9.1;4
100256;Gustavo Carvalho;9.7;17
100257;Rafael Rodrigues;0.9;30
100258;Larissa Barbosa;1.6;0
100259;Felipe Pereira;6.1;22
100260;Larissa Ribeiro;7.9;3
100261;Camila Barbosa;3.4;26
100262;Daniel Lima;4.9;0
100263;Maria Gomes;8.6;6
100264;Ana Carvalho;2.8;4
100265;Julia Dias;0.5;1
100266;Pedro Melo;1.3;30
100267;Rafael Martins;3.1;3
100268;Joao Almeida;6.1;13
100269;Rafael Barbosa;5.5;2
100270;Gabriel Oliveira;6.7;5
100271;Patricia Souza;9.4;28
100272;Daniel Teixeira;8.9;30
100273;Joao Rodrigues;4.3;18
100274;Bruno Barbosa;9.6;18
100275;Felipe Almeida;4.0;8
100276;Daniel Almeida;0.0;20
100277;Daniel Ferreira;7.7;10
100278;Ana Lima;8.2;5
100279;Lucas Dias;0.6;2
100280;Maria Lima;0.4;15
100281;Thiago Pereira;0.9;17
100282;Daniel Silva;9.3;21
100283;Gustavo Melo;4.4;30
100284;Thiago Almeida;2.4;18
100285;Maria Costa;10.0;16
100286;Pedro Gomes;8.5;25
100287;Felipe Costa;4.1;20
100288;Mariana Dias;5.3;13
100289;Gabriel Teixeira;5.5;18
100290;Julia Ferreira;7.3;28
100291;Larissa Souza;5.1;4
100292;Fernanda Rocha;4.6;25
100293;Felipe Rodrigues;0.2;24
100294;Lucas Gomes;3.2;5
100295;Larissa Costa;9.3;21
100296;Camila Costa;0.0;30
100297;Rafael Silva;6.5;24
100298;Gustavo Carvalho;3.3;19
100299;Bruno Souza;0.4;3
100300;Joao Carvalho;0.5;24
100301;Gustavo Ribeiro;0.1;6
100302;Gustavo Araujo;2.2;24
100303;Camila Almeida;0.9;30
100304;Bruno Silva;3.3;6
100305;Maria Gomes;7.4;23
100306;Lucas Carvalho;10.0;30
100307;Ana Ferreira;2.6;3
100308;Larissa Lima;1.5;24
100309;Lucas Oliveira;8.9;30
100310;Julia Barbosa;1.2;21
100311;Gustavo Rocha;2.1;14
100312;Camila Pereira;1.0;15
100313;Thiago Rocha;0.2;15
100314;Patricia Pereira;5.8;4
100315;Camila Silva;0.9;13
100316;Larissa Souza;3.3;11
100317;Lucas Pereira;7.7;11
100318;Pedro Pereira;9.4;9
100319;Rafael Silva;9.4;11
100320;Rafael Gomes;4.1;24
100321;Gabriel Barbosa;3.9;19
100322;Lucas Carvalho;8.4;28
100323;Camila Araujo;4.0;6
100324;Mariana Carvalho;2.2;22
100325;Bruno Rocha;2.5;8
100326;Camila Araujo;3.4;12
100327;Daniel Araujo;0.8;28
100328;Beatriz Lima;7.0;1
100329;Felipe Pereira;1.2;21
100330;Thiago Araujo;1.7;17
100331;Larissa Dias;8.1;12
100332;Daniel Araujo;6.1;22
100333;Gustavo Lima;8.6;18
100334;Julia Santos;2.0;18
100335;Rafael Melo;7.1;14
100336;Camila Teixeira;5.5;10
100337;Joao Pereira;5.9;11
100338;Camila Gomes;0.1;24
100339;Mariana Carvalho;8.0;22
100340;Daniel Teixeira;4.7;6
100341;Ana Almeida;0.8;4
100342;Beatriz Souza;7.8;14
100343;Ana Gomes;2.6;22
100344;Patricia Carvalho;9.9;16
100345;Gabriel Ferreira;3.5;18
100346;Ana Lima;1.5;9
100347;Lucas Souza;9.4;18
100348;Beatriz Rodrigues;6.6;15
100349;Bruno Gomes;3.5;6
100350;Gustavo Ferreira;0.0;29
100351;Camila Oliveira;2.7;0
100352;Julia Costa;8.1;30
100353;Thiago Costa;4.2;14
100354;Camila Dias;0.7;27
100355;Lucas Barbosa;9.4;9
100356;Pedro Santos;1.2;19
100357;Aline Barbosa;2.0;15
100358;Gabriel Barbosa;6.8;27
100359;Rafael Almeida;0.2;0
100360;Patricia Oliveira;0.4;28
100361;Julia Melo;8.7;2
100362;Maria Santos;9.3;19
100363;Rafael Rodrigues;9.9;2
100364;Larissa Araujo;8.1;11
100365;Patricia Martins;1.3;15
100366;Maria Pereira;6.3;28
100367;Camila Gomes;0.2;5
100368;Aline Souza;9.4;2
100369;Thiago Silva;0.4;5
100370;Gabriel Silva;5.6;21
100371;Gustavo Ribeiro;0.6;27
100372;Gustavo Martins;4.3;22
100373;Camila Carvalho;0.3;9
100374;Patricia Gomes;8.2;29
100375;Gabriel Teixeira;4.9;16
100376;Pedro Araujo;7.8;11
100377;Bruno Dias;3.3;13
100378;Mariana Martins;0.3;28
100379;Maria Ferreira;6.7;16
100380;Julia Barbosa;1.2;30
100381;Maria Costa;6.0;5
100382;Joao Martins;0.8;6
100383;Lucas Oliveira;8.7;12
100384;Camila Silva;5.6;3
100385;Fernanda Carvalho;3.5;28
100386;Julia Melo;0.7;29
100387;Felipe Oliveira;2.2;17
100388;Aline Costa;6.9;17
100389;Gustavo Gomes;4.5;26
100390;Ana Ribeiro;3.4;28
100391;Gustavo Oliveira;2.3;17
100392;Fernanda Martins;3.7;2
100393;Aline Ribeiro;7.3;17
100394;Rafael Lima;6.9;3
100395;Lucas Martins;5.6;28
100396;Rafael Gomes;3.3;28
100397;Rafael Costa;5.7;1
100398;Camila Carvalho;9.7;6
100399;Beatriz Ferreira;0.9;5
100400;Thiago Gomes;2.0;30
100401;Thiago Oliveira;7.0;9
100402;Camila Oliveira;1.7;18
100403;Gustavo Almeida;6.6;15
100404;Joao Ferreira;5.0;8
100405;Fernanda Pereira;1.4;14
100406;Maria Pereira;5.1;5
100407;Felipe Gomes;1.9;29
100408;Ana Gomes;3.5;21
100409;Rafael Ribeiro;1.8;8
100410;Gustavo Silva;3.6;8
100411;Ana Melo;2.2;6
100412;Joao Rodrigues;1.9;28
100413;Daniel Rocha;3.7;13
100414;Beatriz Araujo;9.3;12
100415;Felipe Gomes;7.0;1
100416;Daniel Lima;4.9;9
100417;Joao Melo;0.6;14
100418;Lucas Lima;4.7;23
100419;Patricia Dias;3.6;3
100420;Ana Costa;1.4;4
100421;Gabriel Costa;0.0;9
100422;Pedro Teixeira;3.1;21
100423;Felipe Barbosa;6.2;9
100424;Gabriel Pereira;3.4;27
100425;Larissa Teixeira;2.1;2
100426;Beatriz Araujo;6.9;22
100427;Gabriel Martins;4.8;16
100428;Beatriz Rocha;3.0;10
100429;Beatriz Ribeiro;7.3;20
100430;Lucas Santos;1.3;2
100431;Mariana Almeida;8.1;14
100432;Felipe Santos;4.2;19
100433;Bruno Rodrigues;6.3;5
100434;Maria Souza;7.5;17
100435;Camila Costa;9.8;16
100436;Rafael Barbosa;3.2;25
100437;Larissa Costa;9.3;24
100438;Camila Carvalho;6.8;9
100439;Fernanda Oliveira;4.2;0
100440;Daniel Lima;0.9;5
100441;Pedro Rocha;0.0;28
100442;Pedro Oliveira;2.6;9
100443;Gustavo Santos;0.9;28
100444;Lucas Ribeiro;6.4;26
100445;Joao Melo;0.0;10
100446;Lucas Martins;0.5;26
100447;Fernanda Pereira;3.8;29
100448;Mariana Araujo;6.5;11
100449;Lucas Barbosa;3.4;18
100450;Fernanda Ferreira;6.5;10
100451;Joao Martins;9.6;13
100452;Camila Barbosa;0.9;5
100453;Larissa Ribeiro;9.8;29
100454;Lucas Araujo;9.4;17
100455;Fernanda Santos;1.2;26
100456;Thiago Pereira;6.5;3
100457;Bruno Araujo;7.2;12
100458;Julia Silva;0.7;19
100459;Gabriel Carvalho;3.4;18
100460;Mariana Martins;2.8;0
100461;Lucas Santos;4.7;3
100462;Thiago Carvalho;1.5;14
100463;Aline Barbosa;8.2;19
100464;Julia Barbosa;5.9;21
100465;Patricia Dias;9.3;25
100466;Joao Carvalho;9.4;13
100467;Larissa Almeida;6.2;16
100468;Beatriz Pereira;8.7;5
100469;Aline Oliveira;6.1;17
100470;Gustavo Gomes;3.6;25
100471;Camila Lima;5.5;14
100472;Lucas Ferreira;3.4;16
100473;Maria Martins;6.3;25
100474;Mariana Ferreira;9.8;17
100475;Julia Silva;6.2;11
100476;Maria Martins;0.7;16
100477;Daniel Martins;7.6;5
100478;Pedro Silva;8.7;13
100479;Larissa Oliveira;2.5;24
100480;Ana Rodrigues;2.1;1
100481;Joao Souza;4.6;23
100482;Mariana Silva;4.8;13
100483;Ana Souza;3.0;25
100484;Daniel Melo;7.5;29
100485;Pedro Silva;5.6;17
100486;Mariana Santos;3.5;1
100487;Fernanda Santos;3.2;17
100488;Pedro Santos;4.2;24
100489;Gustavo Ribeiro;3.7;30
100490;Pedro Pereira;8.5;26
100491;Pedro Pereira;0.5;4
100492;Thiago Souza;5.1;16
100493;Beatriz Costa;6.3;3
100494;Aline Martins;3.8;26
100495;Thiago Ferreira;9.7;15
100496;Thiago Teixeira;2.3;29
100497;Felipe Gomes;10.0;11
100498;Felipe Barbosa;8.2;26
100499;Pedro Carvalho;4.1;10
100500;Maria Lima;3.2;22
100501;Mariana Barbosa;1.9;28
100502;Bruno Costa;9.1;5
100503;Pedro Gomes;2.4;23
100504;Beatriz Almeida;1.4;8
100505;Ana Souza;4.9;6
100506;Maria Oliveira;9.3;18
100507;Larissa Barbosa;9.6;6
100508;Lucas Silva;7.6;16
100509;Maria Lima;8.1;28
100510;Thiago Pereira;4.2;10
100511;Felipe Rocha;1.7;2
100512;Bruno Souza;4.8;25
100513;Camila Oliveira;2.3;0
100514;Thiago Oliveira;6.6;16
100515;Aline Ribeiro;4.4;23
100516;Gabriel Araujo;9.5;4
100517;Fernanda Araujo;6.6;3
100518;Bruno Lima;5.6;24
100519;Mariana Santos;6.1;7
100520;Patricia Rocha;0.9;12
100521;Gabriel Oliveira;6.4;2
100522;Gustavo Barbosa;8.0;30
100523;Camila Costa;0.5;3
100524;Aline Carvalho;0.0;27
100525;Aline Silva;3.3;24
100526;Rafael Almeida;2.6;10
100527;Camila Rodrigues;3.4;17
100528;Larissa Ferreira;5.8;1
100529;Larissa Silva;4.4;6
100530;Maria Dias;3.4;0
100531;Daniel Carvalho;5.2;9
100532;Pedro Ferreira;9.1;30
100533;Ana Araujo;3.7;29
100534;Bruno Costa;9.9;29
100535;Aline Costa;5.1;10
100536;Rafael Lima;4.8;5
100537;Mariana Silva;6.3;26
100538;Lucas Rocha;8.2;0
100539;Mariana Pereira;8.6;22
100540;Gustavo Melo;1.8;4
100541;Bruno Pereira;4.3;24
100542;Joao Martins;5.3;5
100543;Maria Gomes;3.2;24
100544;Gabriel Melo;6.0;22
100545;Lucas Pereira;6.2;4
100546;Gustavo Souza;7.7;10
100547;Aline Pereira;2.5;5
100548;Rafael Costa;0.9;27
100549;Ana Almeida;8.1;1
100550;Fernanda Carvalho;1.3;1
100551;Larissa Ferreira;7.9;22
100552;Larissa Silva;6.7;21
100553;Thiago Oliveira;5.2;15
100554;Beatriz Silva;3.3;14
100555;Camila Souza;8.8;21
100556;Beatriz Almeida;7.6;24
100557;Rafael Ferreira;6.7;30
100558;Pedro Gomes;9.3;15
100559;Lucas Ribeiro;6.6;11
100560;Julia Souza;8.5;26
100561;Mariana Ribeiro;4.2;9
100562;Thiago Ribeiro;5.4;2
100563;Joao Pereira;4.8;21
100564;Gustavo Ferreira;6.6;3
100565;Mariana Melo;3.0;2
100566;Beatriz Carvalho;5.2;6
100567;Lucas Silva;3.1;24
100568;Beatriz Melo;2.1;16
100569;Lucas Silva;0.2;25
100570;Daniel Rodrigues;0.5;25
100571;Aline Ribeiro;9.7;26
100572;Maria Lima;6.9;23
100573;Daniel Gomes;7.0;8
100574;Thiago Barbosa;4.7;30
100575;Joao Lima;0.6;22
100576;Julia Barbosa;6.9;2
100577;Ana Melo;4.5;24
100578;Rafael Rocha;1.7;6
100579;Daniel Rodrigues;1.9;24
100580;Thiago Carvalho;1.4;30
100581;Gabriel Gomes;8.8;26
100582;Julia Teixeira;7.8;14
100583;Camila Silva;7.9;22
100584;Beatriz Pereira;5.7;3
100585;Daniel Dias;7.4;3
100586;Fernanda Dias;3.4;2
100587;Beatriz Rodrigues;3.3;8
100588;Camila Carvalho;2.7;11
100589;Maria Souza;4.0;22
100590;Aline Rocha;8.1;5
100591;Pedro Melo;2.4;11
100592;Joao Rodrigues;8.3;18
100593;Aline Souza;8.9;25
100594;Daniel Silva;2.2;13
100595;Lucas Barbosa;4.9;24
100596;Felipe Gomes;8.9;26
100597;Fernanda Ferreira;6.4;9
100598;Daniel Rocha;2.4;1
100599;Maria Ribeiro;9.4;24
100600;Mariana Melo;0.3;27
100601;Mariana Araujo;3.8;15
100602;Fernanda Ferreira;4.6;1
100603;Aline Melo;5.2;2
100604;Beatriz Silva;5.7;20
100605;Maria Almeida;6.3;19
100606;Gustavo Gomes;6.8;1
100607;Gustavo Rocha;7.4;10
100608;Maria Ferreira;7.9;7
100609;Fernanda Ribeiro;1.3;27
100610;Ana Almeida;0.7;9
100611;Daniel Ribeiro;4.6;29
100612;Gabriel Santos;7.0;2
100613;Patricia Costa;7.0;8
100614;Gabriel Almeida;0.7;4
100615;Joao Pereira;6.9;29
100616;Mariana Oliveira;9.6;13
100617;Pedro Costa;3.3;23
100618;Aline Carvalho;5.5;22
100619;Julia Pereira;7.0;7
100620;Joao Araujo;7.2;21
100621;Ana Carvalho;3.5;25
100622;Thiago Gomes;9.2;11
100623;Bruno Melo;8.6;24
100624;Mariana Oliveira;6.3;25
100625;Felipe Silva;7.9;1
100626;Gustavo Teixeira;1.7;9
100627;Thiago Melo;9.9;0
100628;Mariana Rocha;1.0;10
100629;Felipe Silva;8.3;0
100630;Fernanda Oliveira;7.1;20
100631;Beatriz Melo;2.5;28
100632;Gustavo Barbosa;0.4;5
100633;Mariana Dias;6.1;0
100634;Daniel Carvalho;8.6;6
100635;Larissa Silva;1.0;23
100636;Bruno Dias;6.8;20
100637;Aline Gomes;1.8;21
100638;Julia Martins;0.7;15
100639;Gabriel Oliveira;7.0;26
100640;Mariana Costa;5.0;29
100641;Daniel Rocha;3.5;25
100642;Lucas Souza;3.9;29
100643;Pedro Martins;5.2;22
100644;Joao Melo;1.5;14
100645;Julia Ribeiro;0.3;9
100646;Camila Almeida;8.8;2
100647;Fernanda Oliveira;7.0;25
100648;Patricia Melo;5.1;7
100649;Bruno Oliveira;8.3;21
100650;Bruno Dias;4.4;24
100651;Ana Lima;5.3;20
100652;Maria Pereira;4.8;11
100653;Patricia Lima;5.9;3
100654;Lucas Lima;3.9;17
100655;Daniel Costa;0.2;4
100656;Beatriz Ribeiro;9.9;5
100657;Ana Costa;1.9;27
100658;Ana Ferreira;9.5;13
100659;Ana Lima;1.5;10
100660;Gustavo Lima;10.0;13
100661;Felipe Pereira;8.7;22
100662;Beatriz Ferreira;10.0;10
100663;Fernanda Costa;7.8;8
100664;Gustavo Pereira;3.8;17
100665;Julia Almeida;5.5;24
100666;Pedro Ribeiro;2.3;15
100667;Julia Santos;9.8;30
100668;Joao Souza;7.3;22
100669;Julia Ribeiro;5.0;2
100670;Thiago Lima;7.8;22
100671;Gabriel Dias;1.2;26
100672;Mariana Carvalho;6.0;25
100673;Aline Ribeiro;0.8;14
100674;Mariana Lima;2.9;0
100675;Maria Almeida;4.6;7
100676;Rafael Silva;2.9;21
100677;Bruno Silva;10.0;7
100678;Gustavo Pereira;8.6;0
100679;Camila Rocha;4.8;9
100680;Larissa Almeida;8.4;18
100681;Camila Santos;1.3;13
100682;Patricia Costa;0.6;1
100683;Julia Rodrigues;9.8;10
100684;Fernanda Gomes;2.9;9
100685;Camila Ferreira;3.4;19
100686;Mariana Almeida;0.0;16
100687;Thiago Souza;9.0;25
100688;Thiago Melo;5.6;22
100689;Bruno Dias;6.7;8
100690;Aline Rocha;7.2;8
100691;Patricia Teixeira;9.6;10
100692;Gabriel Gomes;2.2;1
100693;Bruno Santos;7.3;1
100694;Joao Lima;9.1;6
100695;Ana Ribeiro;7.2;27
100696;Beatriz Lima;3.2;9
100697;Daniel Costa;8.1;28
100698;Aline Silva;4.3;22
100699;Thiago Souza;6.4;23
100700;Rafael Carvalho;2.1;6
100701;Aline Dias;2.8;16
100702;Julia Gomes;7.0;10
100703;Patricia Rodrigues;1.2;8
100704;Ana Rocha;9.2;23
100705;Felipe Carvalho;4.3;2
100706;Thiago Pereira;1.6;16
100707;Fernanda Silva;3.3;30
100708;Camila Santos;8.1;14
100709;Beatriz Rodrigues;0.3;15
100710;Patricia Barbosa;0.3;12
100711;Camila Rodrigues;9.5;12
100712;Aline Oliveira;6.0;27
100713;Ana Dias;1.4;23
100714;Lucas Oliveira;5.0;17
100715;Mariana Barbosa;7.9;7
100716;Pedro Araujo;7.6;25
100717;Mariana Martins;9.2;19
100718;Fernanda Ferreira;7.8;25
100719;Felipe Silva;5.2;7
100720;Beatriz Araujo;6.3;18
100721;Rafael Ferreira;8.3;20
100722;Joao Souza;2.3;7
100723;Joao Rodrigues;8.2;6
100724;Patricia Barbosa;1.9;25
100725;Thiago Oliveira;7.6;7
100726;Lucas Melo;0.8;22
100727;Ana Pereira;1.3;6
100728;Felipe Costa;1.8;29
100729;Ana Santos;8.5;23
100730;Daniel Souza;8.0;18
100731;Rafael Carvalho;6.3;9
100732;Camila Ribeiro;8.4;25
100733;Gustavo Carvalho;5.1;7
100734;Patricia Almeida;3.8;13
100735;Beatriz Souza;5.5;21
100736;Daniel Silva;6.4;22
100737;Julia Dias;0.9;25
100738;Daniel Rodrigues;9.4;19
100739;Gabriel Santos;8.3;17
100740;Gabriel Barbosa;1.4;16
100741;Larissa Pereira;3.7;28
100742;Fernanda Teixeira;9.7;22
100743;Fernanda Ferreira;3.8;25
100744;Bruno Souza;6.9;12
100745;Joao Dias;0.0;22
100746;Larissa Silva;9.0;12
100747;Fernanda Dias;9.1;25
100748;Camila Rocha;0.9;17
100749;Daniel Silva;2.3;18
100750;Mariana Araujo;9.8;10
100751;Aline Almeida;0.1;16
100752;Maria Oliveira;1.0;7
100753;Larissa Ferreira;5.2;14
100754;Fernanda Ferreira;0.7;13
100755;Rafael Melo;1.6;27
100756;Joao Oliveira;1.7;29
100757;Gabriel Rocha;8.7;16
100758;Aline Souza;7.5;9
100759;Daniel Carvalho;8.4;3
100760;Joao Almeida;3.2;19
100761;Fernanda Carvalho;3.5;3
100762;Gabriel Martins;8.1;16
100763;Daniel Barbosa;2.0;20
100764;Camila Souza;3.1;23
100765;Pedro Souza;2.0;8
100766;Julia Ribeiro;3.7;12
100767;Mariana Santos;5.4;3
100768;Camila Melo;4.2;1
100769;Mariana Gomes;1.2;11
100770;Fernanda Souza;6.5;21
100771;Patricia Pereira;5.9;1
100772;Aline Souza;7.7;25
100773;Gabriel Souza;9.4;29
100774;Pedro Souza;3.8;5
100775;Gabriel Melo;4.4;3
100776;Ana Carvalho;9.8;30
100777;Beatriz Santos;0.1;0
100778;Patricia Teixeira;9.7;4
100779;Rafael Gomes;2.6;28
100780;Patricia Pereira;5.2;18
100781;Rafael Araujo;7.7;14
100782;Joao Rodrigues;8.9;18
100783;Pedro Teixeira;0.5;25
100784;Felipe Gomes;5.8;9
100785;Beatriz Martins;6.8;22
100786;Maria Barbosa;8.7;12
100787;Ana Rocha;5.6;19
100788;Fernanda Rodrigues;2.1;30
100789;Rafael Rocha;6.9;12
100790;Daniel Rodrigues;9.6;28
100791;Julia Ferreira;8.6;1
100792;Aline Oliveira;5.2;27
100793;Daniel Melo;5.6;11
100794;Felipe Barbosa;5.5;20
100795;Gustavo Almeida;3.6;6
100796;Daniel Lima;8.1;21
100797;Thiago Souza;3.9;23
100798;Gustavo Santos;3.7;26
100799;Mariana Barbosa;4.6;19
100800;Aline Rocha;5.1;30
100801;Julia Carvalho;6.9;25
100802;Aline Rocha;3.7;19
100803;Julia Silva;5.5;17
100804;Ana Araujo;0.2;0
100805;Felipe Santos;3.1;25
100806;Thiago Araujo;0.5;23
100807;Camila Carvalho;7.1;27
100808;Gabriel Teixeira;7.9;0
100809;Aline Almeida;9.4;7
100810;Camila Melo;8.0;27
100811;Mariana Barbosa;4.9;25
100812;Felipe Rocha;7.4;28
100813;Thiago Ferreira;0.2;22
100814;Bruno Carvalho;2.5;16
100815;Felipe Teixeira;2.3;6
100816;Ana Rodrigues;2.9;11
100817;Lucas Gomes;7.1;23
100818;Gustavo Barbosa;4.6;19
100819;Beatriz Ferreira;1.4;30
100820;Julia Lima;1.2;24
100821;Patricia Barbosa;1.3;27
100822;Aline Souza;5.1;5
100823;Ana Ferreira;6.2;19
100824;Thiago Martins;7.4;5
100825;Larissa Oliveira;5.9;3
100826;Ana Melo;1.1;29
100827;Patricia Almeida;3.6;2
100828;Bruno Costa;2.7;11
100829;Gustavo Rodrigues;2.4;10
100830;Beatriz Almeida;4.9;5
100831;Joao Gomes;6.4;12
100832;Pedro Rocha;9.0;23
100833;Thiago Melo;5.2;4
100834;Mariana Silva;6.8;30
100835;Mariana Santos;9.2;15
100836;Thiago Ferreira;6.5;26
100837;Ana Lima;8.3;8
100838;Beatriz Ferreira;8.3;2
100839;Felipe Ferreira;0.8;17
100840;Gabriel Araujo;7.7;4
100841;Larissa Ribeiro;3.7;17
100842;Thiago Oliveira;7.2;24
100843;Fernanda Costa;6.6;5
100844;Larissa Melo;4.7;18
100845;Aline Barbosa;2.6;28
100846;Patricia Martins;4.0;9
100847;Ana Rodrigues;5.3;7
100848;Daniel Oliveira;6.4;29
100849;Rafael Barbosa;0.0;3
100850;Maria Souza;1.1;0
100851;Bruno Silva;5.1;3
100852;Thiago Carvalho;5.9;19
100853;Daniel Rodrigues;6.8;17
100854;Larissa Rocha;1.6;27
100855;Pedro Souza;4.4;9
100856;Camila Rodrigues;8.6;20
100857;Felipe Araujo;7.4;22
100858;Patricia Almeida;5.3;25
100859;Mariana Costa;4.1;29
100860;Ana Costa;5.5;14
100861;Aline Teixeira;2.9;13
100862;Rafael Souza;5.0;18
100863;Camila Oliveira;9.2;30
100864;Felipe Rocha;4.1;1
100865;Pedro Dias;5.0;1
100866;Daniel Dias;6.2;18
100867;Patricia Dias;9.0;6
100868;Rafael Lima;7.8;27
100869;Bruno Melo;4.3;21
100870;Pedro Ferreira;2.3;16
100871;Lucas Santos;1.1;26
100872;Rafael Gomes;1.8;26
100873;Gustavo Almeida;7.5;7
100874;Fernanda Gomes;5.6;30
100875;Julia Araujo;4.6;17
100876;Pedro Costa;1.5;11
100877;Gabriel Silva;4.7;20
100878;Beatriz Araujo;8.6;24
100879;Felipe Melo;8.4;23
100880;Fernanda Barbosa;1.4;13
100881;Mariana Souza;3.6;2
100882;Larissa Gomes;1.0;0
100883;Rafael Ferreira;4.0;15
100884;Patricia Carvalho;3.5;28
100885;Patricia Araujo;5.2;13
100886;Maria Gomes;4.5;3
100887;Bruno Melo;6.3;25
100888;Mariana Barbosa;2.2;16
100889;Camila Silva;8.9;3
100890;Daniel Souza;9.2;25
100891;Daniel Rodrigues;2.7;29
100892;Gabriel Almeida;8.3;29
100893;Felipe Teixeira;7.6;0
100894;Lucas Araujo;3.6;5
100895;Camila Lima;5.6;15
100896;Aline Costa;3.3;18
100897;Lucas Dias;9.4;28
100898;Fernanda Lima;10.0;28
100899;Gustavo Carvalho;5.2;19
100900;Lucas Gomes;8.1;4
100901;Pedro Carvalho;2.3;23
100902;Joao Lima;3.0;26
100903;Mariana Araujo;5.3;21
100904;Bruno Ferreira;9.3;19
100905;Ana Carvalho;7.3;13
100906;Rafael Teixeira;1.7;11
100907;Daniel Rocha;1.9;16
100908;Pedro Araujo;9.2;2
100909;Rafael Ferreira;3.4;6
100910;Joao Ribeiro;5.7;0
100911;Camila Souza;2.5;1
100912;Thiago Pereira;3.8;12
100913;Fernanda Dias;4.9;18
100914;Fernanda Almeida;7.2;7
100915;Larissa Dias;8.4;5
100916;Joao Barbosa;6.6;28
100917;Fernanda Ferreira;2.5;3
100918;Maria Carvalho;6.1;16
100919;Maria Araujo;8.7;10
100920;Mariana Oliveira;6.7;18
100921;Larissa Barbosa;7.7;9
100922;Julia Pereira;3.0;2
100923;Mariana Souza;7.3;5
100924;Thiago Almeida;0.0;25
100925;Rafael Pereira;2.6;8
100926;Maria Costa;3.2;2
100927;Julia Melo;4.8;2
100928;Larissa Almeida;6.0;12
100929;Pedro Lima;7.2;6
100930;Patricia Pereira;6.8;14
100931;Ana Santos;4.4;30
100932;Patricia Ferreira;8.0;22
100933;Thiago Souza;9.1;10
100934;Gustavo Almeida;5.3;6
100935;Larissa Carvalho;0.3;9
100936;Aline Lima;5.7;9
100937;Larissa Pereira;9.9;15
100938;Mariana Barbosa;8.2;2
100939;Felipe Rocha;1.3;27
100940;Gustavo Pereira;1.0;26
100941;Pedro Barbosa;3.8;13
100942;Larissa Costa;5.4;24
100943;Mariana Gomes;7.5;9
100944;Gabriel Almeida;6.0;28
100945;Felipe Oliveira;4.9;19
100946;Rafael Costa;0.5;28
100947;Lucas Rocha;7.0;1
100948;Julia Martins;3.9;4
100949;Camila Santos;1.3;2
100950;Gustavo Oliveira;8.3;7
100951;Fernanda Santos;8.2;4
100952;Joao Gomes;7.8;7
100953;Lucas Lima;2.7;21
100954;Gustavo Rodrigues;4.1;27
100955;Thiago Rodrigues;2.0;20
100956;Camila Rodrigues;5.3;1
100957;Ana Martins;7.2;4
100958;Lucas Gomes;0.6;14
100959;Gabriel Costa;8.4;7
100960;Larissa Teixeira;8.7;22
100961;Joao Ferreira;8.4;1
100962;Beatriz Araujo;2.9;3
100963;Fernanda Costa;3.8;11
100964;Daniel Santos;6.6;9
100965;Mariana Barbosa;0.2;13
100966;Fernanda Martins;0.1;21
100967;Pedro Barbosa;3.7;17
100968;Felipe Santos;4.1;24
100969;Camila Rodrigues;6.3;4
100970;Mariana Rodrigues;6.9;12
100971;Gabriel Ribeiro;3.6;30
100972;Ana Carvalho;5.5;4
100973;Felipe Gomes;5.8;21
100974;Aline Ferreira;9.5;11
100975;Rafael Oliveira;9.0;17
100976;Gabriel Araujo;5.0;18
100977;Gustavo Ribeiro;7.8;14
100978;Bruno Gomes;6.4;5
100979;Maria Martins;1.2;6
100980;Julia Silva;5.7;14
100981;Julia Lima;9.8;2
100982;Camila Araujo;9.2;5
100983;Bruno Lima;7.0;16
100984;Camila Oliveira;0.8;18
100985;Maria Araujo;1.4;16
100986;Daniel Souza;6.2;2
100987;Daniel Almeida;6.4;8
100988;Gabriel Araujo;0.9;12
100989;Camila Ferreira;3.2;3
100990;Thiago Ferreira;0.2;4
100991;Mariana Martins;9.5;8
100992;Gustavo Oliveira;6.0;29
100993;Bruno Gomes;1.0;16
100994;Aline Silva;5.5;5
100995;Felipe Teixeira;1.8;5
100996;Maria Martins;8.5;24
100997;Pedro Costa;9.5;4
100998;Fernanda Melo;8.4;21
100999;Thiago Melo;8.7;8
